APL00001,Salvador,MATUTINO,UNAM,user1@wizeline.com
APL00002,Salvador,MATUTINO,UNAM,user2@wizeline.com
APL00003,Salvador,MATUTINO,UNAM,user3@wizeline.com
APL00004,Salvador,MATUTINO,UNAM,user4@wizeline.com
APL00005,Salvador,MATUTINO,UNAM,user5@wizeline.com
APL00006,Salvador,MATUTINO,UNAM,user6@wizeline.com
APL00007,Salvador,MATUTINO,UNAM,user7@wizeline.com
APL00008,Salvador,MATUTINO,UNAM,user8@wizeline.com
APL00009,Salvador,MATUTINO,UNAM,user9@wizeline.com
APL00010,Salvador,MATUTINO,UNAM,user10@wizeline.com
APL00011,Salvador,MATUTINO,UNAM,user11@wizeline.com
APL00012,Salvador,MATUTINO,UNAM,user12@wizeline.com
